Date,Open,High,Low,Close,Change(Pips),Change(%)
02/27/2025 00:00,0.90448,0.90463,0.90384,0.90404,-4.4,-0.05
02/26/2025 23:00,0.90411,0.90512,0.90408,0.90453,4.2,0.05
02/26/2025 22:00,0.90303,0.90451,0.90286,0.90414,11.1,0.12
02/26/2025 21:00,0.90362,0.90454,0.90333,0.90375,1.3,0.01
02/26/2025 20:00,0.90415,0.90415,0.90323,0.90363,-5.2,-0.06
02/26/2025 19:00,0.90405,0.90417,0.90352,0.90412,0.7,0.01
02/26/2025 18:00,0.90426,0.9049,0.90385,0.90407,-1.9,-0.02
02/26/2025 17:00,0.90698,0.90758,0.90388,0.90422,-27.6,-0.31
02/26/2025 16:00,0.90627,0.90724,0.90613,0.90694,6.7,0.07
02/26/2025 15:00,0.90415,0.9063,0.90397,0.90623,20.8,0.23
02/26/2025 14:00,0.90481,0.90499,0.90375,0.90409,-7.2,-0.08
02/26/2025 13:00,0.9049,0.90582,0.90479,0.90486,-0.4,0
02/26/2025 12:00,0.90541,0.90584,0.90481,0.9049,-5.1,-0.06
02/26/2025 11:00,0.90606,0.90612,0.90511,0.90549,-5.7,-0.06
02/26/2025 10:00,0.90625,0.90685,0.90607,0.90611,-1.4,-0.02
02/26/2025 09:00,0.90671,0.90679,0.90602,0.90624,-4.7,-0.05
02/26/2025 08:00,0.90647,0.90709,0.90625,0.90672,2.5,0.03
02/26/2025 07:00,0.90695,0.90752,0.90623,0.90652,-4.3,-0.05
02/26/2025 06:00,0.90612,0.9072,0.90598,0.90693,8.1,0.09
02/26/2025 05:00,0.90653,0.90672,0.90572,0.90613,-4,-0.04
02/26/2025 04:00,0.90625,0.9067,0.90592,0.90652,2.7,0.03
02/26/2025 03:00,0.90638,0.9068,0.90607,0.90624,-1.4,-0.02
02/26/2025 02:00,0.90649,0.90683,0.9054,0.90635,-1.4,-0.02
02/26/2025 01:00,0.90718,0.90727,0.9057,0.9065,-6.8,-0.08
02/26/2025 00:00,0.90823,0.90848,0.90707,0.90714,-10.9,-0.12
02/25/2025 23:00,0.90833,0.90867,0.90797,0.90826,-0.7,-0.01
02/25/2025 22:00,0.90717,0.90844,0.90693,0.9083,11.3,0.12
02/25/2025 21:00,0.90774,0.90824,0.90753,0.90817,4.3,0.05
02/25/2025 20:00,0.90702,0.90776,0.90692,0.90773,7.1,0.08
02/25/2025 19:00,0.90618,0.90703,0.90617,0.90703,8.5,0.09
02/25/2025 18:00,0.90532,0.90626,0.90526,0.9062,8.8,0.1
02/25/2025 17:00,0.9055,0.90575,0.90482,0.90532,-1.8,-0.02
02/25/2025 16:00,0.90522,0.9061,0.90494,0.90549,2.7,0.03
02/25/2025 15:00,0.90387,0.90528,0.90329,0.90524,13.7,0.15
02/25/2025 14:00,0.90494,0.90513,0.90369,0.90399,-9.5,-0.11
02/25/2025 13:00,0.90486,0.9056,0.90457,0.90491,0.5,0.01
02/25/2025 12:00,0.90388,0.9049,0.90387,0.90482,9.4,0.1
02/25/2025 11:00,0.90259,0.90397,0.90252,0.9039,13.1,0.14
02/25/2025 10:00,0.90334,0.90342,0.90251,0.90251,-8.3,-0.09
02/25/2025 09:00,0.9038,0.90393,0.90318,0.90335,-4.5,-0.05
02/25/2025 08:00,0.90424,0.9046,0.90358,0.90381,-4.3,-0.05
02/25/2025 07:00,0.90505,0.90529,0.9042,0.90424,-8.1,-0.09
02/25/2025 06:00,0.9052,0.90558,0.90498,0.90505,-1.5,-0.02
02/25/2025 05:00,0.90489,0.90548,0.90487,0.90519,3,0.03
02/25/2025 04:00,0.90507,0.90531,0.90463,0.90487,-2,-0.02
02/25/2025 03:00,0.90509,0.90553,0.90494,0.90503,-0.6,-0.01
02/25/2025 02:00,0.90482,0.90523,0.90444,0.90508,2.6,0.03
02/25/2025 01:00,0.90489,0.90498,0.90442,0.90479,-1,-0.01
02/25/2025 00:00,0.90497,0.90554,0.90451,0.90487,-1,-0.01
02/24/2025 23:00,0.90488,0.90529,0.90459,0.90499,1.1,0.01
02/24/2025 22:00,0.90488,0.90524,0.90433,0.90483,-0.5,-0.01
02/24/2025 21:00,0.90516,0.90534,0.90486,0.90527,1.1,0.01
02/24/2025 20:00,0.90441,0.90559,0.90428,0.90513,7.2,0.08
02/24/2025 19:00,0.90428,0.90447,0.90394,0.90439,1.1,0.01
02/24/2025 18:00,0.90435,0.90446,0.90407,0.90431,-0.4,0
02/24/2025 17:00,0.90446,0.90477,0.90419,0.90432,-1.4,-0.02
02/24/2025 16:00,0.90445,0.90494,0.90403,0.90448,0.3,0
02/24/2025 15:00,0.90404,0.90463,0.90302,0.90448,4.4,0.05
02/24/2025 14:00,0.90531,0.90539,0.90323,0.90407,-12.4,-0.14
02/24/2025 13:00,0.90504,0.9058,0.90492,0.90532,2.8,0.03
02/24/2025 12:00,0.90488,0.90507,0.9044,0.90504,1.6,0.02
02/24/2025 11:00,0.90474,0.9051,0.90458,0.90484,1,0.01
02/24/2025 10:00,0.90458,0.90484,0.90407,0.90476,1.8,0.02
02/24/2025 09:00,0.90454,0.90509,0.90442,0.90458,0.4,0
02/24/2025 08:00,0.90424,0.90477,0.90355,0.90454,3,0.03
02/24/2025 07:00,0.90534,0.90544,0.90367,0.90422,-11.2,-0.12
02/24/2025 06:00,0.90498,0.9054,0.90466,0.9053,3.2,0.04
02/24/2025 05:00,0.9055,0.90558,0.90499,0.90503,-4.7,-0.05
02/24/2025 04:00,0.90545,0.90561,0.90513,0.90552,0.7,0.01
02/24/2025 03:00,0.90606,0.90653,0.90529,0.90544,-6.2,-0.07
02/24/2025 02:00,0.90425,0.90643,0.90397,0.90604,17.9,0.2
02/24/2025 01:00,0.90466,0.9047,0.90364,0.90422,-4.4,-0.05
02/24/2025 00:00,0.90498,0.90542,0.90455,0.9047,-2.8,-0.03
02/23/2025 23:00,0.90527,0.9057,0.9049,0.90497,-3,-0.03
02/23/2025 22:00,0.90277,0.90591,0.90277,0.90516,23.9,0.26
02/21/2025 21:00,0.90457,0.90482,0.90422,0.90441,-1.6,-0.02
02/21/2025 20:00,0.90407,0.90469,0.90404,0.90459,5.2,0.06
02/21/2025 19:00,0.90461,0.90466,0.90397,0.90402,-5.9,-0.07
02/21/2025 18:00,0.90577,0.90598,0.90448,0.90464,-11.3,-0.12
02/21/2025 17:00,0.90495,0.90596,0.90466,0.90582,8.7,0.1
02/21/2025 16:00,0.9053,0.90574,0.90485,0.90493,-3.7,-0.04
02/21/2025 15:00,0.90551,0.90599,0.90484,0.9053,-2.1,-0.02
02/21/2025 14:00,0.90502,0.90621,0.90496,0.90566,6.4,0.07
02/21/2025 13:00,0.90623,0.90639,0.90476,0.90498,-12.5,-0.14
02/21/2025 12:00,0.90666,0.90684,0.9062,0.90624,-4.2,-0.05
02/21/2025 11:00,0.90649,0.90695,0.90633,0.90669,2,0.02
02/21/2025 10:00,0.9066,0.90673,0.90625,0.90653,-0.7,-0.01
02/21/2025 09:00,0.90609,0.90659,0.90582,0.90659,5,0.06
02/21/2025 08:00,0.9064,0.90663,0.90585,0.9061,-3,-0.03
02/21/2025 07:00,0.90555,0.90687,0.90547,0.90639,8.4,0.09
02/21/2025 06:00,0.90581,0.90619,0.9055,0.90551,-3,-0.03
02/21/2025 05:00,0.90647,0.90676,0.90566,0.90579,-6.8,-0.08
02/21/2025 04:00,0.90712,0.90725,0.90647,0.9065,-6.2,-0.07
02/21/2025 03:00,0.90752,0.90766,0.90697,0.90708,-4.4,-0.05
02/21/2025 02:00,0.90672,0.90796,0.90669,0.90754,8.2,0.09
02/21/2025 01:00,0.90725,0.90747,0.90653,0.90674,-5.1,-0.06
02/21/2025 00:00,0.90742,0.90766,0.90693,0.90724,-1.8,-0.02
02/20/2025 23:00,0.90723,0.90806,0.90696,0.90748,2.5,0.03
02/20/2025 22:00,0.9059,0.90708,0.90587,0.90704,11.4,0.13
02/20/2025 21:00,0.90738,0.90753,0.90703,0.90719,-1.9,-0.02
02/20/2025 20:00,0.9074,0.90753,0.9069,0.90733,-0.7,-0.01
02/20/2025 19:00,0.90761,0.90761,0.90698,0.90747,-1.4,-0.02
02/20/2025 18:00,0.90726,0.90762,0.90701,0.90762,3.6,0.04
02/20/2025 17:00,0.90732,0.90773,0.90716,0.90727,-0.5,-0.01
02/20/2025 16:00,0.90724,0.90772,0.90699,0.9073,0.6,0.01
02/20/2025 15:00,0.90622,0.90727,0.90571,0.9072,9.8,0.11
02/20/2025 14:00,0.90559,0.9066,0.90536,0.90617,5.8,0.06
02/20/2025 13:00,0.90591,0.90648,0.9054,0.90559,-3.2,-0.04
02/20/2025 12:00,0.90538,0.90627,0.90536,0.90595,5.7,0.06
02/20/2025 11:00,0.90597,0.90639,0.90531,0.90541,-5.6,-0.06
02/20/2025 10:00,0.90593,0.90641,0.90567,0.90596,0.3,0
02/20/2025 09:00,0.90595,0.90636,0.90581,0.90597,0.2,0
02/20/2025 08:00,0.90545,0.90658,0.90523,0.90597,5.2,0.06
02/20/2025 07:00,0.90517,0.90557,0.90492,0.90539,2.2,0.02
02/20/2025 06:00,0.90504,0.90564,0.90486,0.90519,1.5,0.02
02/20/2025 05:00,0.90484,0.9053,0.90477,0.90504,2,0.02
02/20/2025 04:00,0.90426,0.90515,0.90413,0.9049,6.4,0.07
02/20/2025 03:00,0.90345,0.90453,0.90265,0.9042,7.5,0.08
02/20/2025 02:00,0.90181,0.90356,0.90167,0.90341,16,0.18
02/20/2025 01:00,0.90354,0.90392,0.90107,0.90184,-17,-0.19
02/20/2025 00:00,0.90285,0.90408,0.90181,0.90354,6.9,0.08
02/19/2025 23:00,0.9029,0.90338,0.90258,0.90282,-0.8,-0.01
02/19/2025 22:00,0.90168,0.90328,0.90166,0.90291,12.3,0.14
02/19/2025 21:00,0.903,0.90336,0.90278,0.90335,3.5,0.04
02/19/2025 20:00,0.90331,0.90361,0.90287,0.903,-3.1,-0.03
02/19/2025 19:00,0.90314,0.9037,0.90286,0.90334,2,0.02
02/19/2025 18:00,0.90272,0.90339,0.9026,0.90319,4.7,0.05
02/19/2025 17:00,0.90242,0.90295,0.90215,0.90275,3.3,0.04
02/19/2025 16:00,0.90284,0.90306,0.90195,0.90242,-4.2,-0.05
02/19/2025 15:00,0.90175,0.90409,0.90158,0.90283,10.8,0.12
02/19/2025 14:00,0.90162,0.90195,0.90067,0.90175,1.3,0.01
02/19/2025 13:00,0.90242,0.90274,0.90141,0.90158,-8.4,-0.09
02/19/2025 12:00,0.90201,0.90275,0.90185,0.90239,3.8,0.04
02/19/2025 11:00,0.90229,0.90247,0.90138,0.90196,-3.3,-0.04
02/19/2025 10:00,0.90263,0.90279,0.90214,0.90229,-3.4,-0.04
02/19/2025 09:00,0.90255,0.9029,0.9022,0.90262,0.7,0.01
02/19/2025 08:00,0.90257,0.90293,0.90231,0.90261,0.4,0
02/19/2025 07:00,0.90265,0.90279,0.90203,0.90259,-0.6,-0.01
02/19/2025 06:00,0.90273,0.90302,0.90246,0.9026,-1.3,-0.01
02/19/2025 05:00,0.90228,0.90293,0.90209,0.90281,5.3,0.06
02/19/2025 04:00,0.90215,0.90235,0.90173,0.90228,1.3,0.01
02/19/2025 03:00,0.9022,0.90268,0.90186,0.90217,-0.3,0
02/19/2025 02:00,0.90079,0.90243,0.90048,0.90228,14.9,0.17
02/19/2025 01:00,0.90105,0.90158,0.90021,0.90074,-3.1,-0.03
02/19/2025 00:00,0.90129,0.90155,0.901,0.90102,-2.7,-0.03
02/18/2025 23:00,0.90155,0.90171,0.90124,0.90134,-2.1,-0.02
02/18/2025 22:00,0.90054,0.90173,0.90047,0.90143,8.9,0.1
02/18/2025 21:00,0.90111,0.90167,0.90084,0.90147,3.6,0.04
02/18/2025 20:00,0.90075,0.90122,0.90065,0.90111,3.6,0.04
02/18/2025 19:00,0.90033,0.90091,0.90031,0.90076,4.3,0.05
02/18/2025 18:00,0.9006,0.90081,0.90012,0.90035,-2.5,-0.03
02/18/2025 17:00,0.90125,0.90128,0.90038,0.9006,-6.5,-0.07
02/18/2025 16:00,0.90116,0.90158,0.90101,0.90125,0.9,0.01
02/18/2025 15:00,0.90117,0.90171,0.90103,0.90116,-0.1,0
02/18/2025 14:00,0.90098,0.90142,0.90087,0.90116,1.8,0.02
02/18/2025 13:00,0.90096,0.90167,0.90005,0.901,0.4,0
02/18/2025 12:00,0.90177,0.90237,0.90088,0.90096,-8.1,-0.09
02/18/2025 11:00,0.90201,0.902162444,0.901,0.901848038,-1.619624671,-0.02
02/18/2025 10:00,0.902538762,0.902845547,0.9015,0.902044396,-4.943660442,-0.05
02/18/2025 09:00,0.90201,0.902634207,0.901477034,0.902555362,5.453619354,0.06
02/18/2025 08:00,0.90199,0.90244,0.90172,0.90193,-0.6,-0.01
02/18/2025 07:00,0.90252,0.90275,0.90157,0.90195,-5.7,-0.06
02/18/2025 06:00,0.90284,0.90323,0.90196,0.90252,-3.2,-0.04
02/18/2025 05:00,0.9025,0.90337,0.9021,0.9028,3,0.03
02/18/2025 04:00,0.90158,0.90333,0.90045,0.90248,9,0.1
02/18/2025 03:00,0.90062,0.90345,0.89941,0.9016,9.8,0.11
02/18/2025 02:00,0.90028,0.9011,0.90021,0.90067,3.9,0.04
02/18/2025 01:00,0.90095,0.90095,0.89994,0.90027,-6.8,-0.08
02/18/2025 00:00,0.90144,0.90152,0.90085,0.90098,-4.6,-0.05
02/17/2025 23:00,0.90092,0.90154,0.90092,0.90148,5.6,0.06
02/17/2025 22:00,0.90082,0.90163,0.90036,0.90077,-0.5,-0.01
02/17/2025 21:00,0.90212,0.90217,0.90136,0.90143,-6.9,-0.08
02/17/2025 20:00,0.90191,0.9022,0.90182,0.90205,1.4,0.02
02/17/2025 19:00,0.90196,0.90198,0.9015,0.90191,-0.5,-0.01
02/17/2025 18:00,0.90268,0.90277,0.90191,0.90194,-7.4,-0.08
02/17/2025 17:00,0.90276,0.90298,0.90259,0.90268,-0.8,-0.01
02/17/2025 16:00,0.90297,0.90311,0.90272,0.90278,-1.9,-0.02
02/17/2025 15:00,0.90306,0.90335,0.90265,0.90297,-0.9,-0.01
02/17/2025 14:00,0.90311,0.90342,0.90296,0.90306,-0.5,-0.01
02/17/2025 13:00,0.90275,0.90329,0.90261,0.90309,3.4,0.04
02/17/2025 12:00,0.90301,0.90304,0.90238,0.90274,-2.7,-0.03
02/17/2025 11:00,0.90321,0.90345,0.90249,0.90303,-1.8,-0.02
02/17/2025 10:00,0.9034,0.90348,0.90276,0.90325,-1.5,-0.02
02/17/2025 09:00,0.90249,0.90343,0.90242,0.90341,9.2,0.1
02/17/2025 08:00,0.90237,0.90252,0.90196,0.90249,1.2,0.01
02/17/2025 07:00,0.90266,0.90281,0.90209,0.90236,-3,-0.03
02/17/2025 06:00,0.90246,0.90331,0.9024,0.90265,1.9,0.02
02/17/2025 05:00,0.90195,0.90283,0.90193,0.90242,4.7,0.05
02/17/2025 04:00,0.90192,0.90221,0.90161,0.90194,0.2,0
02/17/2025 03:00,0.9014,0.9021,0.90111,0.90196,5.6,0.06
02/17/2025 02:00,0.90174,0.90178,0.9011,0.90134,-4,-0.04
02/17/2025 01:00,0.90079,0.90229,0.90046,0.90174,9.5,0.11
02/17/2025 00:00,0.9013,0.90161,0.90073,0.90081,-4.9,-0.05
02/16/2025 23:00,0.89987,0.90179,0.89977,0.90135,14.8,0.16
02/16/2025 22:00,0.89837,0.90021,0.89837,0.89981,14.4,0.16
02/14/2025 21:00,0.90074,0.90074,0.90067,0.90067,-0.7,-0.01
02/14/2025 20:00,0.90032,0.90091,0.90007,0.90074,4.2,0.05
02/14/2025 19:00,0.9004,0.90062,0.90012,0.90029,-1.1,-0.01
02/14/2025 18:00,0.90073,0.90077,0.90028,0.9004,-3.3,-0.04
02/14/2025 17:00,0.90103,0.90116,0.90068,0.90073,-3,-0.03
02/14/2025 16:00,0.90131,0.90172,0.90069,0.90102,-2.9,-0.03
02/14/2025 15:00,0.90088,0.90143,0.89998,0.90133,4.5,0.05
02/14/2025 14:00,0.89992,0.90113,0.89974,0.9009,9.8,0.11
02/14/2025 13:00,0.89911,0.90033,0.89906,0.89992,8.1,0.09
02/14/2025 12:00,0.89903,0.89956,0.8987,0.89907,0.4,0
02/14/2025 11:00,0.89825,0.89909,0.89818,0.89909,8.4,0.09
02/14/2025 10:00,0.89838,0.89868,0.89794,0.8982,-1.8,-0.02
02/14/2025 09:00,0.89732,0.89859,0.89725,0.89835,10.3,0.11
02/14/2025 08:00,0.89648,0.89776,0.89642,0.89735,8.7,0.1
02/14/2025 07:00,0.89641,0.89694,0.89619,0.89648,0.7,0.01
02/14/2025 06:00,0.89645,0.89683,0.89629,0.89639,-0.6,-0.01
02/14/2025 05:00,0.89643,0.89676,0.89603,0.89644,0.1,0
02/14/2025 04:00,0.89668,0.89674,0.89613,0.89645,-2.3,-0.03
02/14/2025 03:00,0.89729,0.89735,0.89662,0.89668,-6.1,-0.07
02/14/2025 02:00,0.89702,0.8976,0.89659,0.89734,3.2,0.04
02/14/2025 01:00,0.89617,0.89729,0.89614,0.897,8.3,0.09
02/14/2025 00:00,0.89647,0.89655,0.89584,0.89617,-3,-0.03
02/13/2025 23:00,0.89639,0.89659,0.8961,0.89642,0.3,0
02/13/2025 22:00,0.89563,0.89664,0.89555,0.89616,5.3,0.06
02/13/2025 21:00,0.8964,0.89694,0.89612,0.89649,0.9,0.01
02/13/2025 20:00,0.89668,0.89708,0.89625,0.89637,-3.1,-0.03
02/13/2025 19:00,0.89527,0.89738,0.89519,0.89672,14.5,0.16
02/13/2025 18:00,0.89557,0.89565,0.89383,0.8953,-2.7,-0.03
02/13/2025 17:00,0.89512,0.89582,0.8951,0.89553,4.1,0.05
02/13/2025 16:00,0.89543,0.89578,0.89446,0.89512,-3.1,-0.03
02/13/2025 15:00,0.89455,0.89584,0.89415,0.89547,9.2,0.1
02/13/2025 14:00,0.89452,0.8946,0.89316,0.89452,0,0
02/13/2025 13:00,0.89411,0.89509,0.89344,0.89453,4.2,0.05
02/13/2025 12:00,0.89508,0.89521,0.89403,0.89407,-10.1,-0.11
02/13/2025 11:00,0.89547,0.89584,0.89485,0.89511,-3.6,-0.04
02/13/2025 10:00,0.89551,0.89621,0.89534,0.89549,-0.2,0
02/13/2025 09:00,0.89591,0.89603,0.89531,0.8955,-4.1,-0.05
02/13/2025 08:00,0.89649,0.89668,0.89552,0.89593,-5.6,-0.06
02/13/2025 07:00,0.89658,0.89686,0.89607,0.89649,-0.9,-0.01
02/13/2025 06:00,0.89764,0.89766,0.89651,0.89657,-10.7,-0.12
02/13/2025 05:00,0.89754,0.89804,0.89705,0.89762,0.8,0.01
02/13/2025 04:00,0.89726,0.89825,0.89718,0.89756,3,0.03
02/13/2025 03:00,0.8965,0.89757,0.89635,0.89727,7.7,0.09
02/13/2025 02:00,0.89747,0.89748,0.89646,0.8965,-9.7,-0.11
02/13/2025 01:00,0.89765,0.89778,0.89687,0.89747,-1.8,-0.02
02/13/2025 00:00,0.8981,0.8983,0.89761,0.89769,-4.1,-0.05
02/12/2025 23:00,0.89763,0.8982,0.89763,0.89812,4.9,0.05
02/12/2025 22:00,0.8976,0.89813,0.89715,0.89747,-1.3,-0.01
02/12/2025 21:00,0.89758,0.89848,0.89713,0.89838,8,0.09
02/12/2025 20:00,0.89781,0.89814,0.89744,0.89754,-2.7,-0.03
02/12/2025 19:00,0.89784,0.89817,0.89766,0.89784,0,0
02/12/2025 18:00,0.89882,0.89918,0.89773,0.89783,-9.9,-0.11
02/12/2025 17:00,0.89782,0.89929,0.89777,0.89886,10.4,0.12
02/12/2025 16:00,0.89689,0.89789,0.89607,0.89782,9.3,0.1
02/12/2025 15:00,0.89601,0.89725,0.8956,0.89688,8.7,0.1
02/12/2025 14:00,0.89458,0.89616,0.89396,0.89592,13.4,0.15
02/12/2025 13:00,0.8979,0.89795,0.89418,0.89464,-32.6,-0.36
02/12/2025 12:00,0.8975,0.89809,0.89719,0.89787,3.7,0.04
02/12/2025 11:00,0.89805,0.89823,0.89733,0.89751,-5.4,-0.06
02/12/2025 10:00,0.89819,0.89829,0.89772,0.89807,-1.2,-0.01
02/12/2025 09:00,0.89822,0.89879,0.89793,0.89819,-0.3,0
02/12/2025 08:00,0.8986,0.89902,0.8981,0.8982,-4,-0.04
02/12/2025 07:00,0.89913,0.89943,0.89841,0.89853,-6,-0.07
02/12/2025 06:00,0.89946,0.89963,0.89888,0.89914,-3.2,-0.04
02/12/2025 05:00,0.8992,0.89954,0.89899,0.89947,2.7,0.03
02/12/2025 04:00,0.89991,0.90023,0.89917,0.89923,-6.8,-0.08
02/12/2025 03:00,0.90051,0.90066,0.89944,0.89991,-6,-0.07
02/12/2025 02:00,0.90023,0.90095,0.90023,0.90057,3.4,0.04
02/12/2025 01:00,0.89942,0.90035,0.89886,0.90022,8,0.09
02/12/2025 00:00,0.89957,0.89969,0.89911,0.89943,-1.4,-0.02
02/11/2025 23:00,0.89883,0.89965,0.89883,0.89956,7.3,0.08
02/11/2025 22:00,0.89868,0.89895,0.89844,0.89875,0.7,0.01
02/11/2025 21:00,0.89965,0.89969,0.89895,0.89898,-6.7,-0.07
02/11/2025 20:00,0.8995,0.89974,0.8991,0.89966,1.6,0.02
02/11/2025 19:00,0.89935,0.89983,0.89877,0.89951,1.6,0.02
02/11/2025 18:00,0.90001,0.90013,0.8993,0.8994,-6.1,-0.07
02/11/2025 17:00,0.90031,0.90053,0.89986,0.89999,-3.2,-0.04
02/11/2025 16:00,0.89997,0.90079,0.89976,0.90029,3.2,0.04
02/11/2025 15:00,0.89996,0.90017,0.8993,0.89999,0.3,0
02/11/2025 14:00,0.89845,0.90003,0.8984,0.89989,14.4,0.16
02/11/2025 13:00,0.89971,0.8998,0.89816,0.89842,-12.9,-0.14
02/11/2025 12:00,0.89884,0.90021,0.89868,0.89969,8.5,0.09
02/11/2025 11:00,0.8993,0.89974,0.89877,0.89883,-4.7,-0.05
02/11/2025 10:00,0.89964,0.9003,0.89924,0.89929,-3.5,-0.04
02/11/2025 09:00,0.90045,0.90078,0.89958,0.89961,-8.4,-0.09
02/11/2025 08:00,0.90002,0.90096,0.89983,0.90047,4.5,0.05
02/11/2025 07:00,0.89974,0.9003,0.89943,0.90001,2.7,0.03
02/11/2025 06:00,0.89941,0.90009,0.89929,0.89979,3.8,0.04
02/11/2025 05:00,0.89921,0.89952,0.89908,0.89942,2.1,0.02
02/11/2025 04:00,0.89856,0.89932,0.89856,0.89924,6.8,0.08
02/11/2025 03:00,0.89795,0.89866,0.89772,0.89859,6.4,0.07
02/11/2025 02:00,0.89907,0.89924,0.89773,0.89798,-10.9,-0.12
02/11/2025 01:00,0.899,0.89915,0.89855,0.89908,0.8,0.01
02/11/2025 00:00,0.89897,0.89924,0.89834,0.89902,0.5,0.01
02/10/2025 23:00,0.89966,0.89974,0.89801,0.89897,-6.9,-0.08
02/10/2025 22:00,0.89776,0.90058,0.89758,0.89962,18.6,0.21
02/10/2025 21:00,0.89833,0.89873,0.89823,0.89857,2.4,0.03
02/10/2025 20:00,0.89836,0.8986,0.89822,0.89838,0.2,0
02/10/2025 19:00,0.89845,0.89866,0.89819,0.89838,-0.7,-0.01
02/10/2025 18:00,0.89872,0.8993,0.89831,0.89841,-3.1,-0.03
02/10/2025 17:00,0.89878,0.89919,0.89822,0.89872,-0.6,-0.01
02/10/2025 16:00,0.89986,0.90006,0.89846,0.89884,-10.2,-0.11
02/10/2025 15:00,0.90038,0.90107,0.89979,0.89981,-5.7,-0.06
02/10/2025 14:00,0.90063,0.90074,0.89973,0.90039,-2.4,-0.03
02/10/2025 13:00,0.89922,0.90088,0.8992,0.90066,14.4,0.16
02/10/2025 12:00,0.89962,0.89975,0.89904,0.8992,-4.2,-0.05
02/10/2025 11:00,0.90002,0.9007,0.89952,0.89955,-4.7,-0.05
02/10/2025 10:00,0.89945,0.90031,0.89932,0.90006,6.1,0.07
02/10/2025 09:00,0.89924,0.89963,0.89859,0.89944,2,0.02
02/10/2025 08:00,0.89989,0.89997,0.89849,0.89924,-6.5,-0.07
02/10/2025 07:00,0.89987,0.90072,0.89975,0.89991,0.4,0
02/10/2025 06:00,0.89956,0.90022,0.89929,0.89988,3.2,0.04
02/10/2025 05:00,0.89942,0.89985,0.89926,0.89962,2,0.02
02/10/2025 04:00,0.89899,0.8996,0.8989,0.89943,4.4,0.05
02/10/2025 03:00,0.89822,0.89916,0.89819,0.89902,8,0.09
02/10/2025 02:00,0.89743,0.89822,0.89729,0.8982,7.7,0.09
02/10/2025 01:00,0.89775,0.89836,0.89708,0.89738,-3.7,-0.04
02/10/2025 00:00,0.89687,0.89789,0.89682,0.89778,9.1,0.1
02/09/2025 23:00,0.89707,0.89729,0.89599,0.89689,-1.8,-0.02
02/09/2025 22:00,0.89476,0.89795,0.89476,0.89679,20.3,0.23
02/07/2025 21:00,0.89548,0.89623,0.8952,0.89616,6.8,0.08
02/07/2025 20:00,0.89592,0.89631,0.89536,0.89542,-5,-0.06
02/07/2025 19:00,0.89635,0.89657,0.89543,0.89592,-4.3,-0.05
02/07/2025 18:00,0.89586,0.89645,0.89571,0.8964,5.4,0.06
02/07/2025 17:00,0.89607,0.89693,0.89512,0.89587,-2,-0.02
02/07/2025 16:00,0.89744,0.89746,0.89585,0.89607,-13.7,-0.15
02/07/2025 15:00,0.89912,0.89937,0.89652,0.89737,-17.5,-0.2
02/07/2025 14:00,0.89783,0.8997,0.89753,0.89915,13.2,0.15
02/07/2025 13:00,0.90028,0.90087,0.89718,0.89782,-24.6,-0.27
02/07/2025 12:00,0.90026,0.90063,0.89984,0.90028,0.2,0
02/07/2025 11:00,0.90018,0.90053,0.89997,0.90028,1,0.01
02/07/2025 10:00,0.90073,0.90082,0.90008,0.90017,-5.6,-0.06
02/07/2025 09:00,0.90073,0.90109,0.90051,0.90071,-0.2,0
02/07/2025 08:00,0.89985,0.9008,0.89949,0.9007,8.5,0.09
02/07/2025 07:00,0.89971,0.89998,0.89948,0.89988,1.7,0.02
02/07/2025 06:00,0.89949,0.89976,0.89926,0.89969,2,0.02
02/07/2025 05:00,0.89976,0.9,0.89937,0.89953,-2.3,-0.03
02/07/2025 04:00,0.90005,0.90045,0.89956,0.89976,-2.9,-0.03
02/07/2025 03:00,0.90003,0.90024,0.89969,0.90006,0.3,0
02/07/2025 02:00,0.89969,0.90037,0.89969,0.90009,4,0.04
02/07/2025 01:00,0.89946,0.90001,0.89927,0.89968,2.2,0.02
02/07/2025 00:00,0.89866,0.89954,0.89862,0.89947,8.1,0.09
02/06/2025 23:00,0.89834,0.89895,0.89834,0.89863,2.9,0.03
02/06/2025 22:00,0.89737,0.89866,0.89684,0.89845,10.8,0.12
02/06/2025 21:00,0.899,0.89918,0.89854,0.89862,-3.8,-0.04
02/06/2025 20:00,0.89911,0.89942,0.8989,0.89897,-1.4,-0.02
02/06/2025 19:00,0.89894,0.89921,0.89869,0.89912,1.8,0.02
02/06/2025 18:00,0.89934,0.89938,0.89871,0.89895,-3.9,-0.04
02/06/2025 17:00,0.89852,0.89935,0.89834,0.89933,8.1,0.09
02/06/2025 16:00,0.89921,0.89928,0.89842,0.89848,-7.3,-0.08
02/06/2025 15:00,0.89826,0.89948,0.89807,0.89923,9.7,0.11
02/06/2025 14:00,0.89816,0.89873,0.89788,0.89819,0.3,0
02/06/2025 13:00,0.89884,0.89887,0.89798,0.89817,-6.7,-0.07
02/06/2025 12:00,0.89938,0.89997,0.8986,0.8988,-5.8,-0.06
02/06/2025 11:00,0.89924,0.89952,0.89905,0.89938,1.4,0.02
02/06/2025 10:00,0.89898,0.89935,0.89879,0.89922,2.4,0.03
02/06/2025 09:00,0.89858,0.89915,0.89845,0.89893,3.5,0.04
02/06/2025 08:00,0.8992,0.89934,0.89817,0.89861,-5.9,-0.07
02/06/2025 07:00,0.89898,0.89961,0.89871,0.89923,2.5,0.03
02/06/2025 06:00,0.89839,0.89933,0.89835,0.89898,5.9,0.07
02/06/2025 05:00,0.89844,0.89884,0.89831,0.89837,-0.7,-0.01
02/06/2025 04:00,0.89776,0.89887,0.89774,0.89845,6.9,0.08
02/06/2025 03:00,0.89882,0.89888,0.89745,0.8978,-10.2,-0.11
02/06/2025 02:00,0.89946,0.89951,0.89832,0.89879,-6.7,-0.07
02/06/2025 01:00,0.8994,0.89961,0.89911,0.89946,0.6,0.01
02/06/2025 00:00,0.89943,0.89987,0.89925,0.89943,0,0
02/05/2025 23:00,0.89889,0.89975,0.89889,0.89944,5.5,0.06
02/05/2025 22:00,0.89929,0.89934,0.89883,0.89887,-4.2,-0.05
02/05/2025 21:00,0.89979,0.89997,0.89926,0.8996,-1.9,-0.02
02/05/2025 20:00,0.89967,0.90053,0.8996,0.89979,1.2,0.01
02/05/2025 19:00,0.89978,0.89992,0.89926,0.89967,-1.1,-0.01
02/05/2025 18:00,0.8992,0.89996,0.8988,0.89976,5.6,0.06
02/05/2025 17:00,0.89879,0.89923,0.89856,0.89922,4.3,0.05
02/05/2025 16:00,0.89906,0.89938,0.89862,0.89879,-2.7,-0.03
02/05/2025 15:00,0.89702,0.89921,0.89702,0.89902,20,0.22
02/05/2025 14:00,0.89717,0.89787,0.89655,0.89738,2.1,0.02
02/05/2025 13:00,0.89748,0.89756,0.89651,0.89719,-2.9,-0.03
02/05/2025 12:00,0.89746,0.89781,0.8973,0.89749,0.3,0
02/05/2025 11:00,0.89731,0.89804,0.89729,0.89743,1.2,0.01
02/05/2025 10:00,0.89692,0.89773,0.89682,0.89734,4.2,0.05
02/05/2025 09:00,0.8969,0.89739,0.89663,0.89692,0.2,0
02/05/2025 08:00,0.89711,0.8974,0.8963,0.89695,-1.6,-0.02
02/05/2025 07:00,0.89633,0.89751,0.8962,0.89708,7.5,0.08
02/05/2025 06:00,0.89642,0.89693,0.89621,0.89629,-1.3,-0.01
02/05/2025 05:00,0.89585,0.89653,0.89561,0.89644,5.9,0.07
02/05/2025 04:00,0.8957,0.89592,0.89534,0.89584,1.4,0.02
02/05/2025 03:00,0.89559,0.89607,0.89558,0.8957,1.1,0.01
02/05/2025 02:00,0.89481,0.89574,0.89446,0.89559,7.8,0.09
02/05/2025 01:00,0.89567,0.89612,0.89467,0.89476,-9.1,-0.1
02/05/2025 00:00,0.89604,0.8963,0.89544,0.89566,-3.8,-0.04
02/04/2025 23:00,0.89551,0.89611,0.89532,0.89607,5.6,0.06
02/04/2025 22:00,0.8949,0.89578,0.89475,0.89542,5.2,0.06
02/04/2025 21:00,0.8963,0.8965,0.89586,0.89592,-3.8,-0.04
02/04/2025 20:00,0.89544,0.89632,0.89528,0.89632,8.8,0.1
02/04/2025 19:00,0.89668,0.89688,0.89516,0.89538,-13,-0.15
02/04/2025 18:00,0.89653,0.89723,0.89623,0.89662,0.9,0.01
02/04/2025 17:00,0.89559,0.8969,0.89554,0.89652,9.3,0.1
02/04/2025 16:00,0.89516,0.89613,0.89498,0.89561,4.5,0.05
02/04/2025 15:00,0.8952,0.89671,0.89507,0.89521,0.1,0
02/04/2025 14:00,0.89405,0.8955,0.89378,0.89525,12,0.13
02/04/2025 13:00,0.89537,0.89586,0.89385,0.89407,-13,-0.15
02/04/2025 12:00,0.89583,0.89637,0.89538,0.89538,-4.5,-0.05
02/04/2025 11:00,0.896,0.89617,0.89561,0.89579,-2.1,-0.02
02/04/2025 10:00,0.89534,0.89612,0.89506,0.89601,6.7,0.07
02/04/2025 09:00,0.89632,0.89708,0.89524,0.8953,-10.2,-0.11
02/04/2025 08:00,0.89613,0.89692,0.89551,0.89631,1.8,0.02
02/04/2025 07:00,0.89645,0.89648,0.89548,0.89609,-3.6,-0.04
02/04/2025 06:00,0.89593,0.89673,0.89589,0.89649,5.6,0.06
02/04/2025 05:00,0.89691,0.89703,0.89476,0.89595,-9.6,-0.11
02/04/2025 04:00,0.89735,0.89746,0.89669,0.89694,-4.1,-0.05
02/04/2025 03:00,0.89805,0.89818,0.89718,0.89733,-7.2,-0.08
02/04/2025 02:00,0.897,0.89831,0.89675,0.89809,10.9,0.12
02/04/2025 01:00,0.897,0.89712,0.89577,0.89701,0.1,0
02/04/2025 00:00,0.89654,0.89772,0.89651,0.89704,5,0.06
02/03/2025 23:00,0.89651,0.89772,0.89562,0.89657,0.6,0.01
02/03/2025 22:00,0.897,0.89793,0.89625,0.8965,-5,-0.06
02/03/2025 21:00,0.90098,0.90129,0.89512,0.89805,-29.3,-0.33
02/03/2025 20:00,0.901,0.9015,0.90067,0.90098,-0.2,0
02/03/2025 19:00,0.90032,0.90116,0.89991,0.90105,7.3,0.08
02/03/2025 18:00,0.9007,0.90137,0.89988,0.90035,-3.5,-0.04
02/03/2025 17:00,0.90162,0.90222,0.89889,0.90072,-9,-0.1
02/03/2025 16:00,0.90253,0.90503,0.90152,0.90163,-9,-0.1
02/03/2025 15:00,0.90255,0.90297,0.89967,0.90258,0.3,0
02/03/2025 14:00,0.90355,0.90399,0.90192,0.90271,-8.4,-0.09
02/03/2025 13:00,0.90288,0.90352,0.90055,0.9035,6.2,0.07
02/03/2025 12:00,0.90204,0.9033,0.90175,0.90284,8,0.09
02/03/2025 11:00,0.90157,0.90252,0.90154,0.90204,4.7,0.05
02/03/2025 10:00,0.90233,0.90263,0.90144,0.90156,-7.7,-0.09
02/03/2025 09:00,0.90213,0.90272,0.902,0.90234,2.1,0.02
02/03/2025 08:00,0.90281,0.90335,0.90166,0.90211,-7,-0.08
02/03/2025 07:00,0.90295,0.90363,0.90196,0.90283,-1.2,-0.01
02/03/2025 06:00,0.9014,0.90316,0.90132,0.90295,15.5,0.17
02/03/2025 05:00,0.90189,0.9026,0.90132,0.90142,-4.7,-0.05
02/03/2025 04:00,0.90101,0.90323,0.90072,0.90188,8.7,0.1
02/03/2025 03:00,0.90099,0.90159,0.90034,0.90101,0.2,0
02/03/2025 02:00,0.90194,0.90201,0.89919,0.90104,-9,-0.1
02/03/2025 01:00,0.90172,0.90333,0.90124,0.90184,1.2,0.01
02/03/2025 00:00,0.90361,0.90416,0.89925,0.90184,-17.7,-0.2
02/02/2025 23:00,0.90656,0.9073,0.90339,0.90358,-29.8,-0.33
02/02/2025 22:00,0.90638,0.90859,0.90528,0.90637,-0.1,0
01/31/2025 21:00,0.90321,0.90357,0.90213,0.90277,-4.4,-0.05
01/31/2025 20:00,0.90169,0.90403,0.90133,0.90326,15.7,0.17
01/31/2025 19:00,0.90202,0.90236,0.90121,0.9017,-3.2,-0.04
01/31/2025 18:00,0.90077,0.90297,0.90015,0.90203,12.6,0.14
01/31/2025 17:00,0.90237,0.90275,0.8993,0.90079,-15.8,-0.18
01/31/2025 16:00,0.90321,0.90353,0.90159,0.90234,-8.7,-0.1
01/31/2025 15:00,0.90263,0.90378,0.90198,0.90321,5.8,0.06
01/31/2025 14:00,0.90117,0.9037,0.90096,0.90259,14.2,0.16
01/31/2025 13:00,0.90027,0.90142,0.89984,0.90114,8.7,0.1
01/31/2025 12:00,0.89987,0.90026,0.89967,0.90024,3.7,0.04
01/31/2025 11:00,0.90038,0.90074,0.89989,0.89995,-4.3,-0.05
01/31/2025 10:00,0.90107,0.90115,0.90034,0.9004,-6.7,-0.07
01/31/2025 09:00,0.90014,0.90149,0.90014,0.90107,9.3,0.1
01/31/2025 08:00,0.90006,0.90086,0.9,0.90012,0.6,0.01
01/31/2025 07:00,0.90066,0.90066,0.89943,0.9001,-5.6,-0.06
01/31/2025 06:00,0.90093,0.90126,0.90057,0.90066,-2.7,-0.03
01/31/2025 05:00,0.90116,0.9018,0.90052,0.9009,-2.6,-0.03
01/31/2025 04:00,0.90082,0.90131,0.90043,0.90121,3.9,0.04
01/31/2025 03:00,0.90068,0.90099,0.90045,0.90083,1.5,0.02
01/31/2025 02:00,0.89998,0.9008,0.89992,0.90066,6.8,0.08
01/31/2025 01:00,0.89963,0.9003,0.89951,0.89999,3.6,0.04
01/31/2025 00:00,0.90055,0.90065,0.89949,0.89964,-9.1,-0.1
01/30/2025 23:00,0.89928,0.90072,0.89919,0.90056,12.8,0.14
01/30/2025 22:00,0.89883,0.90032,0.89843,0.89897,1.4,0.02
01/30/2025 21:00,0.90055,0.90172,0.89934,0.89966,-8.9,-0.1
01/30/2025 20:00,0.89892,0.90604,0.89876,0.90046,15.4,0.17
01/30/2025 19:00,0.89787,0.89898,0.8978,0.89892,10.5,0.12
01/30/2025 18:00,0.89787,0.89808,0.89765,0.89789,0.2,0
01/30/2025 17:00,0.89799,0.89817,0.89742,0.89788,-1.1,-0.01
01/30/2025 16:00,0.89798,0.89844,0.89787,0.89802,0.4,0
01/30/2025 15:00,0.89778,0.89856,0.89748,0.89801,2.3,0.03
01/30/2025 14:00,0.89821,0.89875,0.89745,0.89774,-4.7,-0.05
01/30/2025 13:00,0.89744,0.89835,0.89692,0.8982,7.6,0.08
01/30/2025 12:00,0.89737,0.89767,0.8967,0.89743,0.6,0.01
01/30/2025 11:00,0.89717,0.8974,0.89675,0.89732,1.5,0.02
01/30/2025 10:00,0.89718,0.89744,0.89693,0.89716,-0.2,0
01/30/2025 09:00,0.89801,0.8982,0.89699,0.89716,-8.5,-0.09
01/30/2025 08:00,0.89707,0.89807,0.89694,0.89795,8.8,0.1
01/30/2025 07:00,0.89725,0.8974,0.89686,0.89702,-2.3,-0.03
01/30/2025 06:00,0.89704,0.89732,0.8967,0.89726,2.2,0.02
01/30/2025 05:00,0.89742,0.89752,0.89686,0.89705,-3.7,-0.04
01/30/2025 04:00,0.89829,0.89851,0.89726,0.8974,-8.9,-0.1
01/30/2025 03:00,0.89877,0.89916,0.89826,0.89831,-4.6,-0.05
01/30/2025 02:00,0.89902,0.89933,0.89858,0.89879,-2.3,-0.03
01/30/2025 01:00,0.8986,0.89906,0.89846,0.89901,4.1,0.05
01/30/2025 00:00,0.89813,0.89918,0.89813,0.8986,4.7,0.05
01/29/2025 23:00,0.89856,0.89904,0.89791,0.89812,-4.4,-0.05
01/29/2025 22:00,0.89706,0.89869,0.89678,0.89857,15.1,0.17
01/29/2025 21:00,0.89844,0.89865,0.89788,0.89848,0.4,0
01/29/2025 20:00,0.89854,0.89911,0.89803,0.89843,-1.1,-0.01
01/29/2025 19:00,0.89865,0.89905,0.89716,0.89858,-0.7,-0.01
01/29/2025 18:00,0.89853,0.89913,0.89819,0.89885,3.2,0.04
01/29/2025 17:00,0.8985,0.89887,0.89783,0.89847,-0.3,0
01/29/2025 16:00,0.89935,0.89996,0.89837,0.89855,-8,-0.09
01/29/2025 15:00,0.89812,0.89967,0.89785,0.89934,12.2,0.14
01/29/2025 14:00,0.8987,0.89929,0.89703,0.89815,-5.5,-0.06
01/29/2025 13:00,0.89821,0.89887,0.89787,0.89869,4.8,0.05
01/29/2025 12:00,0.89821,0.89841,0.89773,0.89818,-0.3,0
01/29/2025 11:00,0.89847,0.89881,0.8975,0.89822,-2.5,-0.03
01/29/2025 10:00,0.89835,0.89855,0.898,0.89845,1,0.01
01/29/2025 09:00,0.89923,0.89945,0.8983,0.89832,-9.1,-0.1
01/29/2025 08:00,0.89888,0.89936,0.8988,0.8992,3.2,0.04
01/29/2025 07:00,0.89912,0.89916,0.89843,0.89887,-2.5,-0.03
01/29/2025 06:00,0.89927,0.89947,0.89878,0.89912,-1.5,-0.02
01/29/2025 05:00,0.89785,0.89923,0.89772,0.89921,13.6,0.15
01/29/2025 04:00,0.8974,0.89794,0.89729,0.89786,4.6,0.05
01/29/2025 03:00,0.8977,0.89792,0.89721,0.89742,-2.8,-0.03
01/29/2025 02:00,0.89751,0.89827,0.89746,0.89773,2.2,0.02
01/29/2025 01:00,0.89775,0.89803,0.89699,0.8975,-2.5,-0.03
01/29/2025 00:00,0.90035,0.90055,0.89711,0.89781,-25.4,-0.28
01/28/2025 23:00,0.9003,0.90051,0.90008,0.9003,0,0
01/28/2025 22:00,0.89921,0.90026,0.89895,0.90008,8.7,0.1
01/28/2025 21:00,0.90032,0.90044,0.89993,0.90042,1,0.01
01/28/2025 20:00,0.90023,0.90065,0.90011,0.90037,1.4,0.02
01/28/2025 19:00,0.89969,0.90074,0.8996,0.90027,5.8,0.06
01/28/2025 18:00,0.89948,0.89989,0.899,0.89971,2.3,0.03
01/28/2025 17:00,0.8987,0.89946,0.89856,0.89943,7.3,0.08
01/28/2025 16:00,0.89857,0.89963,0.89845,0.8987,1.3,0.01
01/28/2025 15:00,0.89823,0.89936,0.89797,0.89856,3.3,0.04
01/28/2025 14:00,0.8985,0.89886,0.89793,0.89812,-3.8,-0.04
01/28/2025 13:00,0.89969,0.89973,0.89828,0.89854,-11.5,-0.13
01/28/2025 12:00,0.90046,0.90059,0.89932,0.89969,-7.7,-0.09
01/28/2025 11:00,0.9003,0.90067,0.90013,0.90046,1.6,0.02
01/28/2025 10:00,0.90027,0.90083,0.90005,0.90025,-0.2,0
01/28/2025 09:00,0.90022,0.90043,0.89985,0.9003,0.8,0.01
01/28/2025 08:00,0.90043,0.90063,0.89971,0.90014,-2.9,-0.03
01/28/2025 07:00,0.90003,0.90073,0.89984,0.90043,4,0.04
01/28/2025 06:00,0.90026,0.90064,0.89987,0.90001,-2.5,-0.03
01/28/2025 05:00,0.89993,0.90038,0.89979,0.90024,3.1,0.03
01/28/2025 04:00,0.90014,0.90035,0.89943,0.8999,-2.4,-0.03
01/28/2025 03:00,0.90071,0.9011,0.9001,0.90015,-5.6,-0.06
01/28/2025 02:00,0.90079,0.90139,0.90042,0.90073,-0.6,-0.01
01/28/2025 01:00,0.90165,0.90238,0.90058,0.90083,-8.2,-0.09
01/28/2025 00:00,0.90165,0.90218,0.90085,0.90163,-0.2,0
01/27/2025 23:00,0.90433,0.90443,0.90149,0.90168,-26.5,-0.29
01/27/2025 22:00,0.90371,0.90416,0.90349,0.90402,3.1,0.03
01/27/2025 21:00,0.90411,0.90473,0.90391,0.90428,1.7,0.02
01/27/2025 20:00,0.90341,0.90411,0.9033,0.90407,6.6,0.07
01/27/2025 19:00,0.90314,0.90362,0.90278,0.90341,2.7,0.03
01/27/2025 18:00,0.90365,0.90394,0.90296,0.90313,-5.2,-0.06
01/27/2025 17:00,0.90334,0.90385,0.90308,0.90366,3.2,0.04
01/27/2025 16:00,0.90392,0.90416,0.90327,0.90335,-5.7,-0.06
01/27/2025 15:00,0.90382,0.90439,0.90293,0.90394,1.2,0.01
01/27/2025 14:00,0.90339,0.90458,0.90321,0.90384,4.5,0.05
01/27/2025 13:00,0.90394,0.90416,0.90275,0.90342,-5.2,-0.06
01/27/2025 12:00,0.90462,0.90533,0.90384,0.90397,-6.5,-0.07
01/27/2025 11:00,0.90408,0.90484,0.90373,0.90461,5.3,0.06
01/27/2025 10:00,0.90407,0.90453,0.90383,0.90413,0.6,0.01
01/27/2025 09:00,0.90487,0.90495,0.90388,0.9041,-7.7,-0.09
01/27/2025 08:00,0.90404,0.90499,0.90363,0.90493,8.9,0.1
01/27/2025 07:00,0.90362,0.90446,0.90362,0.90406,4.4,0.05
01/27/2025 06:00,0.90482,0.90512,0.90366,0.90375,-10.7,-0.12
01/27/2025 05:00,0.90474,0.90513,0.90447,0.9048,0.6,0.01
01/27/2025 04:00,0.90517,0.90522,0.90471,0.90478,-3.9,-0.04
01/27/2025 03:00,0.90452,0.90548,0.90447,0.90517,6.5,0.07
01/27/2025 02:00,0.90436,0.90512,0.90433,0.90454,1.8,0.02
01/27/2025 01:00,0.90475,0.90535,0.90414,0.90437,-3.8,-0.04
01/27/2025 00:00,0.90529,0.90534,0.90466,0.90474,-5.5,-0.06
01/26/2025 23:00,0.90529,0.90567,0.90441,0.90527,-0.2,0
01/26/2025 22:00,0.90433,0.90541,0.90433,0.90501,6.8,0.08
01/24/2025 21:00,0.90563,0.90577,0.90559,0.90572,0.9,0.01
01/24/2025 20:00,0.90548,0.9057,0.90526,0.9056,1.2,0.01
01/24/2025 19:00,0.90541,0.90568,0.90519,0.90548,0.7,0.01
01/24/2025 18:00,0.90591,0.90601,0.90534,0.90544,-4.7,-0.05
01/24/2025 17:00,0.90586,0.90668,0.90575,0.90585,-0.1,0
01/24/2025 16:00,0.90592,0.90611,0.90534,0.90591,-0.1,0
01/24/2025 15:00,0.90454,0.90595,0.90446,0.90591,13.7,0.15
01/24/2025 14:00,0.90304,0.90477,0.90299,0.90461,15.7,0.17
01/24/2025 13:00,0.90484,0.90507,0.90285,0.90308,-17.6,-0.19
01/24/2025 12:00,0.90492,0.90599,0.90474,0.90485,-0.7,-0.01
01/24/2025 11:00,0.90533,0.90542,0.90459,0.90497,-3.6,-0.04
01/24/2025 10:00,0.90568,0.90574,0.90517,0.90533,-3.5,-0.04
01/24/2025 09:00,0.9057,0.90656,0.90556,0.90568,-0.2,0
01/24/2025 08:00,0.90557,0.90666,0.90532,0.90573,1.6,0.02
01/24/2025 07:00,0.90562,0.90619,0.90526,0.9056,-0.2,0
01/24/2025 06:00,0.90621,0.90673,0.90547,0.90567,-5.4,-0.06
01/24/2025 05:00,0.90539,0.90622,0.90537,0.90614,7.5,0.08
01/24/2025 04:00,0.9057,0.90611,0.90528,0.90541,-2.9,-0.03
01/24/2025 03:00,0.9052,0.90581,0.90427,0.90567,4.7,0.05
01/24/2025 02:00,0.90308,0.90537,0.90296,0.90521,21.3,0.24
01/24/2025 01:00,0.90316,0.90337,0.9027,0.90306,-1,-0.01
01/24/2025 00:00,0.90323,0.90344,0.90283,0.90316,-0.7,-0.01
01/23/2025 23:00,0.90367,0.9038,0.90317,0.9032,-4.7,-0.05
01/23/2025 22:00,0.90373,0.90395,0.90316,0.90355,-1.8,-0.02
01/23/2025 21:00,0.90331,0.90387,0.90312,0.90376,4.5,0.05
01/23/2025 20:00,0.90296,0.90381,0.9028,0.90329,3.3,0.04
01/23/2025 19:00,0.90247,0.90315,0.90212,0.90295,4.8,0.05
01/23/2025 18:00,0.90282,0.90318,0.90232,0.90248,-3.4,-0.04
01/23/2025 17:00,0.90265,0.90306,0.90218,0.90285,2,0.02
01/23/2025 16:00,0.90181,0.90346,0.90069,0.90262,8.1,0.09
01/23/2025 15:00,0.90243,0.9025,0.9012,0.90178,-6.5,-0.07
01/23/2025 14:00,0.90337,0.90351,0.90146,0.90238,-9.9,-0.11
01/23/2025 13:00,0.90255,0.90378,0.90238,0.90332,7.7,0.09
01/23/2025 12:00,0.90171,0.90283,0.90132,0.90258,8.7,0.1
01/23/2025 11:00,0.9017,0.90243,0.90156,0.90174,0.4,0
01/23/2025 10:00,0.90125,0.90211,0.90118,0.9017,4.5,0.05
01/23/2025 09:00,0.90039,0.90126,0.9001,0.90125,8.6,0.1
01/23/2025 08:00,0.90163,0.90178,0.90031,0.90036,-12.7,-0.14
01/23/2025 07:00,0.90173,0.90214,0.90135,0.90161,-1.2,-0.01
01/23/2025 06:00,0.90246,0.90277,0.90163,0.90177,-6.9,-0.08
01/23/2025 05:00,0.90269,0.90295,0.90234,0.90249,-2,-0.02
01/23/2025 04:00,0.90272,0.903,0.9025,0.90266,-0.6,-0.01
01/23/2025 03:00,0.9023,0.90285,0.90205,0.90272,4.2,0.05
01/23/2025 02:00,0.9029,0.90309,0.90224,0.9023,-6,-0.07
01/23/2025 01:00,0.90245,0.90337,0.9024,0.90287,4.2,0.05
01/23/2025 00:00,0.90283,0.90297,0.90232,0.90243,-4,-0.04
01/22/2025 23:00,0.90154,0.90301,0.9014,0.90286,13.2,0.15
01/22/2025 22:00,0.9007,0.90166,0.90047,0.90143,7.3,0.08
01/22/2025 21:00,0.9026,0.90267,0.90173,0.90184,-7.6,-0.08
01/22/2025 20:00,0.90212,0.90261,0.90185,0.9026,4.8,0.05
01/22/2025 19:00,0.90179,0.90231,0.90166,0.90213,3.4,0.04
01/22/2025 18:00,0.90163,0.90201,0.90144,0.90176,1.3,0.01
01/22/2025 17:00,0.90104,0.90201,0.90102,0.90171,6.7,0.07
01/22/2025 16:00,0.90161,0.90171,0.90059,0.90103,-5.8,-0.06
01/22/2025 15:00,0.90201,0.90251,0.90111,0.90164,-3.7,-0.04
01/22/2025 14:00,0.90173,0.90246,0.90129,0.90204,3.1,0.03
01/22/2025 13:00,0.9013,0.90237,0.9012,0.90175,4.5,0.05
01/22/2025 12:00,0.90058,0.9015,0.90026,0.9013,7.2,0.08
01/22/2025 11:00,0.90024,0.90063,0.89992,0.90056,3.2,0.04
01/22/2025 10:00,0.900350024,0.900609783,0.8992,0.90022,-1.300238795,-0.01
01/22/2025 09:00,0.898847611,0.90038,0.898372939,0.90032,14.72388839,0.16
01/22/2025 08:00,0.89714,0.89885,0.89684,0.89878,16.4,0.18
01/22/2025 07:00,0.89762,0.89773,0.8969,0.8971,-5.2,-0.06
01/22/2025 06:00,0.8981,0.89818,0.89736,0.89759,-5.1,-0.06
01/22/2025 05:00,0.89802,0.89838,0.89779,0.89814,1.2,0.01
01/22/2025 04:00,0.8981,0.89851,0.8979,0.89805,-0.5,-0.01
01/22/2025 03:00,0.89813,0.8983,0.89787,0.89813,0,0
01/22/2025 02:00,0.89789,0.89848,0.89753,0.8981,2.1,0.02
01/22/2025 01:00,0.89876,0.89889,0.89775,0.89794,-8.2,-0.09
01/22/2025 00:00,0.89798,0.89891,0.89785,0.8987,7.2,0.08
01/21/2025 23:00,0.89798,0.89882,0.89731,0.89795,-0.3,0
01/21/2025 22:00,0.89788,0.89839,0.89724,0.89802,1.4,0.02
01/21/2025 21:00,0.89895,0.89903,0.89786,0.8983,-6.5,-0.07
01/21/2025 20:00,0.89808,0.89904,0.89786,0.89894,8.6,0.1
01/21/2025 19:00,0.89873,0.89882,0.89794,0.89809,-6.4,-0.07
01/21/2025 18:00,0.89836,0.89897,0.89814,0.89874,3.8,0.04
01/21/2025 17:00,0.89842,0.89894,0.89804,0.89838,-0.4,0
01/21/2025 16:00,0.89978,0.8998,0.89835,0.89844,-13.4,-0.15
01/21/2025 15:00,0.90028,0.90077,0.89886,0.89979,-4.9,-0.05
01/21/2025 14:00,0.90126,0.90156,0.89997,0.90033,-9.3,-0.1
01/21/2025 13:00,0.89887,0.90127,0.89802,0.90122,23.5,0.26
01/21/2025 12:00,0.89833,0.89903,0.89829,0.89889,5.6,0.06
01/21/2025 11:00,0.89839,0.89852,0.8977,0.89835,-0.4,0
01/21/2025 10:00,0.89886,0.89893,0.89815,0.89842,-4.4,-0.05
01/21/2025 09:00,0.89943,0.89966,0.89839,0.89876,-6.7,-0.07
01/21/2025 08:00,0.90125,0.90125,0.89934,0.89939,-18.6,-0.21
01/21/2025 07:00,0.89987,0.90132,0.8997,0.90123,13.6,0.15
01/21/2025 06:00,0.89948,0.90031,0.89924,0.89986,3.8,0.04
01/21/2025 05:00,0.90075,0.90091,0.89919,0.89945,-13,-0.14
01/21/2025 04:00,0.90069,0.90107,0.9005,0.90078,0.9,0.01
01/21/2025 03:00,0.90037,0.90143,0.90037,0.90071,3.4,0.04
01/21/2025 02:00,0.89972,0.90105,0.89967,0.90045,7.3,0.08
01/21/2025 01:00,0.89941,0.90207,0.8984,0.89973,3.2,0.04
01/21/2025 00:00,0.89821,0.90339,0.89717,0.89954,13.3,0.15
01/20/2025 23:00,0.8966,0.89848,0.8966,0.89818,15.8,0.18
01/20/2025 22:00,0.89683,0.89754,0.89598,0.89661,-2.2,-0.02
01/20/2025 21:00,0.89767,0.89805,0.89713,0.89754,-1.3,-0.01
01/20/2025 20:00,0.89735,0.89777,0.89676,0.89762,2.7,0.03
01/20/2025 19:00,0.89717,0.89755,0.89623,0.89736,1.9,0.02
01/20/2025 18:00,0.8967,0.89725,0.89638,0.89708,3.8,0.04
01/20/2025 17:00,0.89636,0.89761,0.89565,0.89667,3.1,0.03
01/20/2025 16:00,0.89721,0.89743,0.89618,0.89635,-8.6,-0.1
01/20/2025 15:00,0.89711,0.89774,0.89627,0.89725,1.4,0.02
01/20/2025 14:00,0.89666,0.89819,0.89615,0.89709,4.3,0.05
01/20/2025 13:00,0.89737,0.89895,0.89635,0.89658,-7.9,-0.09
01/20/2025 12:00,0.89728,0.89764,0.89686,0.89737,0.9,0.01
01/20/2025 11:00,0.897,0.89748,0.89684,0.89724,2.4,0.03
01/20/2025 10:00,0.89747,0.89787,0.89695,0.89701,-4.6,-0.05
01/20/2025 09:00,0.89812,0.89813,0.89681,0.89744,-6.8,-0.08
01/20/2025 08:00,0.89875,0.89876,0.8979,0.89813,-6.2,-0.07
01/20/2025 07:00,0.89756,0.89892,0.89728,0.89869,11.3,0.13
01/20/2025 06:00,0.8968917,0.897860321,0.8961,0.897708283,8.165830378,0.09
01/20/2025 05:00,0.89771,0.89790122,0.8966586,0.896886773,-8.232268696,-0.09
01/20/2025 04:00,0.89817958,0.898303926,0.8971,0.89771,-4.695799605,-0.05
01/20/2025 03:00,0.8969,0.89818591,0.8966,0.8981,12,0.13
01/20/2025 02:00,0.89741,0.897611833,0.8964,0.897234294,-1.757064813,-0.02
01/20/2025 01:00,0.896915081,0.897608877,0.8961,0.897160678,2.455967144,0.03
01/20/2025 00:00,0.896778132,0.897392712,0.8963,0.896981294,2.031618712,0.02
01/19/2025 23:00,0.896801155,0.897247115,0.89648,0.89671,-0.911548804,-0.01
01/19/2025 22:00,0.89611,0.89717,0.895095764,0.89664,5.3,0.06
01/17/2025 21:00,0.89635,0.896844465,0.89537,0.8962,-1.5,-0.02
01/17/2025 20:00,0.89636,0.896883349,0.8956,0.89642107,0.610695896,0.01
01/17/2025 19:00,0.8964,0.896795233,0.8955,0.89633,-0.7,-0.01
01/17/2025 18:00,0.89582,0.896491195,0.8951,0.896316051,4.960506078,0.06
01/17/2025 17:00,0.89522837,0.895973841,0.8944,0.89582,5.916296912,0.07
01/17/2025 16:00,0.895530695,0.895834759,0.8946,0.8952,-3.306949903,-0.04
01/17/2025 15:00,0.894545285,0.896131043,0.894,0.89553,9.847146979,0.11
01/17/2025 14:00,0.89178,0.894831417,0.8907,0.89456,27.8,0.31
01/17/2025 13:00,0.89267,0.893058219,0.8911,0.89179,-8.8,-0.1
01/17/2025 12:00,0.89319,0.893593953,0.8921,0.89263,-5.6,-0.06
01/17/2025 11:00,0.89369019,0.894075682,0.8925,0.893214173,-4.760176321,-0.05
01/17/2025 10:00,0.894015048,0.894212332,0.8931,0.893701276,-3.137719215,-0.04
01/17/2025 09:00,0.894580632,0.894959863,0.8935,0.893979334,-6.012987278,-0.07
01/17/2025 08:00,0.894360776,0.895080175,0.8938,0.894252374,-1.08402077,-0.01
01/17/2025 07:00,0.893723014,0.894559069,0.8929,0.89433,6.069864509,0.07
01/17/2025 06:00,0.89325,0.893747635,0.8923,0.89368,4.3,0.05
01/17/2025 05:00,0.89266,0.893371088,0.8922,0.893265152,6.051517031,0.07
01/17/2025 04:00,0.89432,0.894342529,0.8918,0.89267,-16.5,-0.18
01/17/2025 03:00,0.894480368,0.894729975,0.8933,0.89432,-1.603682239,-0.02
01/17/2025 02:00,0.89444196,0.895332421,0.8938,0.89446,0.180401511,0
01/17/2025 01:00,0.89418,0.894745182,0.8934,0.894420393,2.403929266,0.03
01/17/2025 00:00,0.893834681,0.894261292,0.8933,0.894261292,4.266112114,0.05
01/16/2025 23:00,0.894123418,0.894123418,0.8931,0.893845781,-2.776368767,-0.03
01/16/2025 22:00,0.89312,0.894412214,0.89309,0.89385,7.3,0.08
01/16/2025 21:00,0.89379,0.89407,0.89343,0.89398,1.9,0.02
01/16/2025 20:00,0.89413,0.89451,0.89373,0.89386,-2.7,-0.03
01/16/2025 19:00,0.89402,0.89451,0.89385,0.89416,1.4,0.02
01/16/2025 18:00,0.89428,0.89464,0.89358,0.89401,-2.7,-0.03
01/16/2025 17:00,0.89422,0.89488,0.894,0.89426,0.4,0
01/16/2025 16:00,0.89467,0.89579,0.89419,0.89422,-4.5,-0.05
01/16/2025 15:00,0.89275,0.89501,0.89238,0.89471,19.6,0.22
01/16/2025 14:00,0.89242,0.89299,0.89194,0.89276,3.4,0.04
01/16/2025 13:00,0.8914,0.89304,0.89039,0.89235,9.5,0.11
01/16/2025 12:00,0.89273,0.89283,0.89122,0.89135,-13.8,-0.15
01/16/2025 11:00,0.89272,0.89308,0.89247,0.89275,0.3,0
01/16/2025 10:00,0.89278,0.89325,0.89254,0.89272,-0.6,-0.01
01/16/2025 09:00,0.89357,0.89366,0.89271,0.89282,-7.5,-0.08
01/16/2025 08:00,0.89241,0.89384,0.89216,0.89362,12.1,0.14
01/16/2025 07:00,0.89122,0.8926,0.89111,0.8924,11.8,0.13
01/16/2025 06:00,0.89041,0.8914,0.8904,0.89133,9.2,0.1
01/16/2025 05:00,0.89068,0.89071,0.88958,0.89046,-2.2,-0.02
01/16/2025 04:00,0.89117,0.8916,0.89044,0.89071,-4.6,-0.05
01/16/2025 03:00,0.89187,0.89196,0.891,0.8912,-6.7,-0.08
01/16/2025 02:00,0.8924,0.89289,0.89163,0.89189,-5.1,-0.06
01/16/2025 01:00,0.89352,0.89369,0.89195,0.8924,-11.2,-0.13
01/16/2025 00:00,0.89307,0.89441,0.89205,0.8935,4.3,0.05
01/15/2025 23:00,0.89236,0.89334,0.89236,0.89305,6.9,0.08
01/15/2025 22:00,0.8913,0.8925,0.89075,0.89228,9.8,0.11
01/15/2025 21:00,0.89254,0.89284,0.8922,0.89279,2.5,0.03
01/15/2025 20:00,0.89236,0.89269,0.89213,0.89249,1.3,0.01
01/15/2025 19:00,0.89193,0.89244,0.89179,0.89235,4.2,0.05
01/15/2025 18:00,0.89176,0.89224,0.89161,0.89196,2,0.02
01/15/2025 17:00,0.89139,0.89224,0.89132,0.89178,3.9,0.04
